Tanggal,Harga_CPO,Harga_Kernel,Indeks_K,Harga_TBS
1/1/2014,"8,751.71","5,537.80",88.82,"1,950.93"
8/1/2014,"8,858.36","5,614.35",88.51,"1,968.08"
15/01/2014,"8,715.29","5,585.42",88.25,"1,933.36"
22/01/2014,"8,630.70","5,626.46",88.82,"1,931.47"
29/01/2014,"8,833.28","5,769.18",88.57,"1,971.65"
5/2/2014,"8,794.93","5,838.09",88.29,"1,961.13"
12/2/2014,"8,802.66","5,961.33",89.03,"1,984.72"
19/02/2014,"9,016.83","6,093.65",88.47,"2,019.59"
26/02/2014,"9,141.90","6,260.61",88.65,"2,055.57"
5/3/2014,"9,273.80","6,453.69",89.21,"2,102.89"
12/3/2014,"9,556.39","6,664.59",89.6,"2,177.27"
19/03/2014,"9,563.83","6,849.38",89.74,"2,190.39"
26/03/2014,"8,962.15","6,697.15",89.23,"2,053.72"
2/4/2014,"8,846.46","6,496.66",88.59,"2,007.41"
9/4/2014,"8,630.93","6,200.75",88.79,"1,956.78"
16/04/2014,"8,424.46","5,872.20",88.62,"1,898.19"
23/04/2014,"8,658.66","5,787.84",88,"1,926.23"
30/04/2014,"8,788.22","5,865.71",88.22,"1,959.55"
7/5/2014,"8,779.25","5,868.19",88.51,"1,964.23"
14/05/2014,"8,543.65","5,817.38",87.72,"1,899.33"
21/05/2014,"8,502.32","5,828.70",88.21,"1,902.48"
28/05/2014,"8,322.85","5,790.25",88.4,"1,870.02"
4/6/2014,"8,312.95","5,782.73",87.81,"1,855.42"
11/6/2014,"8,084.81","5,807.95",88.19,"1,820.54"
18/06/2014,"8,221.17","5,676.68",87.3,"1,822.40"
25/06/2014,"8,417.93","5,890.17",88.02,"1,884.83"
2/7/2014,"8,778.39","6,029.66",88.64,"1,974.31"
9/7/2014,"8,499.87","5,977.04",88.54,"1,915.84"
16/07/2014,"8,421.89","5,705.44",88.34,"1,884.24"
23/07/2014,"8,151.08","5,223.92",88.5,"1,813.34"
6/8/2014,"7,996.48","5,150.76",87.93,"1,768.79"
13/08/2014,"8,046.08","5,002.33",87.92,"1,771.41"
20/08/2014,"7,674.54","4,793.11",87.34,"1,679.45"
27/08/2014,"7,233.23","3,950.21",87.19,"1,554.99"
3/9/2014,"7,073.37","3,399.86",86.39,"1,486.23"
10/9/2014,"7,088.13","3,420.08",86.59,"1,493.30"
17/09/2014,"7,358.99","3,483.51",86.92,"1,553.34"
24/09/2014,"7,742.95","3,694.87",86.99,"1,636.97"
1/10/2014,"7,695.59","3,879.40",87.67,"1,648.97"
8/10/2014,"7,967.46","4,018.49",87.3,"1,700.08"
15/10/2014,"7,851.87","4,212.54",87.71,"1,694.69"
22/10/2014,"7,760.44","4,167.69",87.7,"1,674.94"
29/10/2014,"7,640.97","4,117.52",86.89,"1,634.48"
5/11/2014,"7,971.15","4,234.23",87.21,"1,708.57"
12/11/2014,"7,925.56","4,487.16",87.81,"1,722.94"
19/11/2014,"7,892.12","4,444.08",87.48,"1,708.21"
26/11/2014,"7,751.31","4,494.69",87.4,"1,681.90"
3/12/2014,"7,643.99","4,441.33",87.23,"1,655.81"
10/12/2014,"7,524.30","4,383.96",87.25,"1,630.82"
17/12/2014,"7,472.95","4,588.18",87.23,"1,629.70"
24/12/2014,"7,643.36","4,640.73",87.34,"1,666.70"
31/12/2014,"7,635.91","4,576.95",86.55,"1,647.43"
7/1/2015,"7,526.95","4,726.73",87.92,"1,659.15"
14/01/2015,"7,911.57","4,984.89",88.02,"1,746.80"
21/01/2015,"7,956.73","5,161.36",87.48,"1,752.58"
28/01/2015,"7,742.46","5,254.81",87.91,"1,724.22"
4/2/2015,"7,529.97","5,161.58",86.6,"1,654.03"
11/2/2015,"7,542.28","5,167.02",87.1,"1,666.19"
18/02/2015,"7,861.00","5,473.48",88.14,"1,761.34"
25/02/2015,"5,674.79","8,076.60",87.78,"1,804.62"
4/3/2015,"8,059.46","5,755.56",87.89,"1,807.07"
11/3/2015,"8,261.99","6,058.68",88.43,"1,871.04"
18/03/2015,"7,916.27","6,031.47",87.45,"1,783.06"
25/03/2015,"7,731.71","5,619.86",88.07,"1,741.66"
1/4/2015,"7,473.33","5,296.21",87.29,"1,662.46"
8/4/2015,"7,418.52","5,294.27",87.53,"1,656.51"
15/04/2015,"7,198.49","5,114.42",87.37,"1,603.31"
22/04/2015,"7,137.13","4,995.99",86.05,"1,562.54"
29/04/2015,"7,140.00","4,967.39",86.63,"1,572.17"
6/5/2015,"7,213.59","4,933.36",86.15,"1,575.94"
13/05/2015,"7,269.20","4,973.17",87.61,"1,614.97"
20/05/2015,"7,357.48","5,002.79",87.14,"1,624.44"
27/05/2015,"7,458.88","4,831.40",87.3,"1,639.27"
3/6/2015,"7,590.90","4,785.55",87.13,"1,659.11"
10/6/2015,"7,937.54","4,946.08",86.49,"1,719.57"
17/06/2015,"7,770.00","4,838.32",87.53,"1,703.36"
24/06/2015,"7,734.62","4,640.17",87.79,"1,692.75"
1/7/2015,"7,356.11","4,564.65",86.55,"1,593.94"
8/7/2015,"7,326.76","4,477.15",86.59,"1,585.18"
15/07/2015,"7,198.83","4,384.59",86.68,"1,558.47"
22/07/2015,"7,096.36","4,338.89",86.43,"1,532.65"
5/8/2015,"6,725.27","4,258.27",86.49,"1,459.95"
12/8/2015,"6,417.10","4,298.50",86.14,"1,397.68"
19/08/2015,"6,022.83","3,742.19",85.39,"1,287.78"
26/08/2015,"6,026.95","3,112.43",84.88,"1,253.51"
2/9/2015,"5,253.01","2,663.40",85.97,"1,104.44"
9/9/2015,"5,388.15","2,806.86",87.43,"1,155.46"
16/09/2015,"5,579.70","3,146.75",88.92,"1,227.75"
23/09/2015,"5,820.13","3,767.96",90.41,"1,324.58"
30/09/2015,"6,081.64","3,869.61",89.85,"1,372.34"
7/10/2015,"6,631.99","4,333.77",90.88,"1,519.05"
14/10/2015,"6,346.12","4,479.11",91.62,"1,480.87"
21/10/2015,"6,178.62","4,271.67",90.91,"1,426.49"
28/10/2015,"5,949.54","4,180.59",90.65,"1,372.84"
4/11/2015,"5,829.90","4,105.93",89.06,"1,321.96"
11/11/2015,"5,876.74","4,017.72",88.79,"1,323.07"
18/11/2015,"5,600.47","3,969.09",88.78,"1,267.04"
25/11/2015,"5,530.26","3,891.12",88.7,"1,248.85"
2/12/2015,"5,687.26","3,952.41",88.68,"1,281.70"
9/12/2015,"5,931.47","4,121.04",89.87,"1,354.70"
16/12/2015,"6,138.95","4,219.73",89.47,"1,393.70"
23/12/2015,"6,097.05","4,324.11",88.33,"1,372.68"
30/12/2015,"6,153.48","4,420.28",88.85,"1,395.98"
6/1/2016,"6,153.48","4,420.28",88.85,"1,395.98"
13/01/2016,"6,246.89","4,617.90",90.14,"1,443.85"
20/01/2016,"6,135.51","4,705.25",88.05,"1,392.84"
27/01/2016,"6,225.48","4,773.68",88.8,"1,425.29"
3/2/2016,"6,353.31","4,843.26",88.93,"1,455.35"
10/2/2016,"6,833.33","4,978.90",89.61,"1,566.66"
17/02/2016,"7,056.09","5,273.97",90.54,"1,640.78"
24/02/2016,"7,293.06","5,433.48",90.77,"1,699.27"
2/3/2016,"7,277.97","5,520.15",90.72,"1,699.40"
9/3/2016,"7,170.65","5,640.00",90.82,"1,685.49"
16/03/2016,"7,168.53","5,754.69",90.85,"1,690.98"
23/03/2016,"7,345.72","5,906.09",91.24,"1,740.66"
30/03/2016,"7,712.05","6,603.72",92.35,"1,868.69"
6/4/2016,"8,083.51","6,809.91",91.8,"1,941.64"
13/04/2016,"8,424.56","7,125.83",91.94,"2,028.12"
20/04/2016,"8,291.93","7,042.85",92.27,"2,004.58"
27/04/2016,"8,417.51","7,029.74",91.93,"2,021.95"
4/5/2016,"8,249.91","6,741.04",92,"1,976.19"
11/5/2016,"8,118.37","6,615.61",91.47,"1,932.61"
18/05/2016,"8,251.46","6,600.81",92.24,"1,974.98"
25/05/2016,"8,073.40","6,578.70",91.82,"1,929.19"
1/6/2016,"7,802.17","6,477.03",91.67,"1,867.08"
8/6/2016,"7,957.39","6,564.89",91.23,"1,893.19"
15/06/2016,"8,022.13","6,794.85",91.76,"1,927.81"
22/06/2016,"7,569.11","6,929.51",91.62,"1,840.35"
6/7/2016,"7,398.77","7,061.60",91.32,"1,806.53"
13/07/2016,"7,219.01","7,033.84",91.11,"1,765.37"
20/07/2016,"6,956.64","6,632.63",91.06,"1,693.40"
27/07/2016,"7,209.18","6,661.60",91.35,"1,750.67"
3/8/2016,"7,186.02","6,843.28",90.96,"1,747.02"
10/8/2016,"7,542.15","6,892.67",91.7,"1,834.88"
17/08/2016,"7,965.25","7,172.86",92.01,"1,939.36"
24/08/2016,"8,507.84","7,453.93",92.07,"2,063.21"
7/9/2016,"8,660.78","7,757.46",92.44,"2,116.74"
14/09/2016,"8,565.36","7,808.45",92.49,"2,100.81"
21/09/2016,"8,500.60","7,926.70",92.5,"2,093.70"
28/09/2016,"8,225.31","7,745.57",92.18,"2,022.34"
5/10/2016,"7,931.56","7,487.29",91.95,"1,946.11"
12/10/2016,"7,498.38","6,688.50",91.32,"1,809.14"
19/10/2016,"7,335.31","6,549.69",91.55,"1,774.53"
26/10/2016,"7,649.75","6,609.85",91.44,"1,838.09"
2/11/2016,"7,861.51","6,859.20",91.8,"1,899.53"
9/11/2016,"7,874.95","6,866.28",91.5,"1,896.29"
16/11/2016,"8,233.66","7,332.66",92.5,"2,011.48"
23/11/2016,"8,227.90","7,940.46",92.07,"2,029.50"
30/11/2016,"8,451.33","7,990.26",92.26,"2,081.22"
7/12/2016,"8,631.33","8,114.18",92.64,"2,132.06"
14/12/2016,"8,715.39","8,533.57",92.56,"2,167.13"
21/12/2016,"8,904.07","8,567.46",92.63,"2,208.59"
28/12/2016,"8,866.05","8,928.07",92.81,"2,222.30"
4/1/2017,"8,868.28","8,922.56",92.84,"2,223.18"
11/1/2017,"8,929.15","9,085.10",93.01,"2,247.25"
18/01/2017,"8,878.52","9,052.90",92.03,"2,211.89"
25/01/2017,"9,038.92","9,566.62",92.44,"2,278.45"
1/2/2017,"9,004.06","9,807.00",93.3,"2,303.81"
8/2/2017,"8,835.39","9,923.29",93.14,"2,271.13"
15/02/2017,"8,994.37","9,773.88",93.02,"2,293.49"
22/02/2017,"8,689.33","9,191.79",92.54,"2,192.32"
1/3/2017,"8,368.14","7,507.96",92.05,"2,037.01"
8/3/2017,"8,119.21","6,233.24",91.9,"1,924.02"
15/03/2017,"8,212.73","6,203.02",91.25,"1,927.67"
22/03/2017,"8,121.95","6,222.71",91.14,"1,908.12"
29/03/2017,"8,182.74","6,357.33",91.26,"1,929.06"
5/4/2017,"8,158.87","6,017.92",90.45,"1,891.63"
12/4/2017,"7,897.22","5,440.84",91.54,"1,835.03"
19/04/2017,"7,739.14","5,164.44",90.19,"1,764.04"
26/04/2017,"7,652.07","5,210.93",91.79,"1,780.12"
3/5/2017,"7,609.36","5,053.58",90.14,"1,732.32"
10/5/2017,"7,734.56","5,145.11",91.45,"1,788.65"
17/05/2017,"7,896.22","5,395.90",90.74,"1,816.74"
24/05/2017,"8,113.37","5,658.62",91.8,"1,893.80"
7/6/2017,"8,164.62","6,093.25",91.14,"1,910.70"
14/06/2017,"7,826.54","6,053.53",91.48,"1,848.16"
21/06/2017,"7,742.48","5,838.26",91.72,"1,826.18"
28/06/2017,"7,691.74","5,618.42",90.85,"1,788.60"
5/7/2017,"7,703.95","5,564.80",90.73,"1,786.25"
12/7/2017,"7,516.83","5,585.02",91.7,"1,768.59"
19/07/2017,"7,529.57","5,554.27",90.79,"1,752.26"
26/07/2017,"7,404.04","5,447.39",91.38,"1,733.47"
2/8/2017,"7,420.31","5,540.19",91,"1,733.96"
9/8/2017,"7,531.84","6,004.57",91.16,"1,780.78"
16/08/2017,"7,509.38","6,123.35",90.63,"1,771.42"
23/08/2017,"7,745.56","6,316.04",91.23,"1,839.32"
6/9/2017,"7,944.73","6,554.45",91.5,"1,895.64"
13/09/2017,"7,901.29","6,995.05",91.78,"1,913.46"
20/09/2017,"8,146.16","7,112.76",91.62,"1,964.67"
27/09/2017,"8,405.22","7,382.20",91.93,"2,036.06"
4/10/2017,"8,238.00","7,488.36",92.15,"2,012.23"
11/10/2017,"8,169.63","7,464.94",92.17,"1,997.74"
18/10/2017,"8,157.67","7,515.49",92.4,"2,002.67"
25/10/2017,"8,218.04","7,888.85",91.98,"2,023.24"
1/11/2017,"8,275.96","8,051.33",92.33,"2,050.31"
8/11/2017,"8,403.61","8,254.76",92.7,"2,093.97"
15/11/2017,"8,321.03","8,139.12",92.56,"2,068.59"
22/11/2017,"8,232.78","8,170.30",92.37,"2,047.98"
29/11/2017,"7,905.69","8,012.38",92.18,"1,970.44"
6/12/2017,"7,741.43","7,932.20",91.94,"1,928.42"
13/12/2017,"7,746.30","7,665.71",91.83,"1,914.76"
20/12/2017,"7,562.88","7,328.17",91.42,"1,853.74"
27/12/2017,"7,461.56","7,147.89",92.04,"1,837.45"
3/1/2018,"7,520.45","6,977.84",91.26,"1,825.81"
10/1/2018,"7,634.33","6,884.50",91.2,"1,842.82"
17/01/2018,"7,779.62","7,204.07",91.76,"1,898.34"
24/01/2018,"7,478.79","7,036.53",92.31,"1,841.01"
31/01/2018,"7,586.24","6,945.08",91.15,"1,835.21"
7/2/2018,"7,785.94","6,920.95",91.71,"1,885.31"
14/02/2018,"7,843.03","6,840.20",91.9,"1,896.99"
21/02/2018,"7,974.07","6,616.42",91.6,"1,906.53"
28/02/2018,"7,928.49","6,588.27",91.92,"1,902.72"
7/3/2018,"8,106.80","6,333.32",92.14,"1,931.30"
14/03/2018,"7,985.50","5,877.47",91.27,"1,867.60"
21/03/2018,"7,925.49","5,748.75",91.33,"1,850.89"
28/03/2018,"8,014.28","6,050.34",91.04,"1,876.60"
4/4/2018,"7,982.04","6,033.82",91.29,"1,874.49"
11/4/2018,"8,056.53","5,973.80",91.97,"1,900.63"
18/04/2018,"7,954.92","6,072.53",91.87,"1,882.86"
25/04/2018,"7,829.49","5,790.28",90.97,"1,826.24"
2/5/2018,"7,856.65","5,927.24",91.55,"1,849.88"
9/5/2018,"7,715.42","5,883.35",91.24,"1,813.38"
16/05/2018,"7,733.18","5,821.20",91.54,"1,820.03"
23/05/2018,"7,785.47","5,704.76",91.4,"1,822.23"
30/05/2018,"7,835.67","5,629.67",91.71,"1,834.90"
6/6/2018,"7,534.33","5,344.36",90.86,"1,744.86"
13/06/2018,"7,169.27","4,732.25",91.34,"1,652.61"
4/7/2018,"7,234.86","4,802.49",91.09,"1,664.41"
11/7/2018,"7,274.73","5,151.88",91,"1,686.80"
18/07/2018,"7,004.40","5,056.64",91.5,"1,637.60"
25/07/2018,"6,777.48","5,033.03",90.32,"1,570.68"
1/8/2018,"6,665.35","5,179.75",90.01,"1,549.83"
8/8/2018,"6,690.49","5,384.96",90.75,"1,577.18"
15/08/2018,"6,763.03","5,605.10",90.97,"1,605.53"
22/08/2018,"6,790.37","5,694.93",90.56,"1,607.94"
29/08/2018,"6,728.40","5,763.00",89.96,"1,588.11"
5/9/2018,"6,822.86","5,725.01",90.34,"1,611.71"
12/9/2018,"6,879.77","5,726.11",90.11,"1,618.91"
19/09/2018,"6,711.82","5,632.08",90.07,"1,580.80"
26/09/2018,"6,624.59","5,396.71",87.79,"1,529.48"
3/10/2018,"6,545.22","5,190.47",86.49,"1,482.87"
10/10/2018,"6,627.62","5,067.49",86.28,"1,489.50"
17/10/2018,"6,768.30","4,968.97",86.94,"1,523.55"
24/10/2018,"6,732.24","4,898.74",86.96,"1,513.91"
31/10/2018,"6,651.62","4,785.50",86.08,"1,478.35"
7/11/2018,"6,541.77","4,638.47",86.6,"1,459.85"
14/11/2018,"6,014.24","4,116.55",85.14,"1,314.13"
21/11/2018,"5,629.80","3,804.77",83.78,"1,209.19"
28/11/2018,"5,351.66","3,770.76",83.99,"1,159.43"
5/12/2018,"5,639.27","4,058.80",83.83,"1,222.52"
12/12/2018,"5,950.59","4,108.05",84.29,"1,288.93"
19/12/2018,"6,244.86","4,301.89",85.85,"1,376.61"
26/12/2018,"6,347.11","4,833.45",86.09,"1,422.97"
2/1/2019,"6,507.18","4,782.24",85.78,"1,445.85"
9/1/2019,"6,831.41","4,823.73",86.52,"1,524.91"
16/01/2019,"6,917.79","4,936.99",87.07,"1,552.97"
23/01/2019,"7,034.90","4,869.60",87.53,"1,580.69"
6/2/2019,"7,080.99","4,730.07",87.31,"1,579.58"
13/02/2019,"7,167.57","4,510.11",86.68,"1,575.12"
20/02/2019,"7,086.04","4,652.56",87.2,"1,575.03"
27/02/2019,"7,109.69","4,292.51",87.1,"1,562.08"
6/3/2019,"6,780.13","4,046.48",86.05,"1,470.19"
13/03/2019,"6,967.05","4,134.79",86.83,"1,523.13"
20/03/2019,"7,019.09","3,945.09",86.26,"1,514.69"
27/03/2019,"6,900.35","4,013.90",86.54,"1,499.98"
3/4/2019,"6,836.41","4,092.60",85.59,"1,475.08"
10/4/2019,"6,907.00","4,113.39",86.8,"1,510.05"
17/04/2019,"7,007.36","4,012.21",86.11,"1,512.74"
24/04/2019,"6,874.86","3,898.14",86.44,"1,488.36"
1/5/2019,"6,718.21","3,844.50",86.4,"1,455.54"
8/5/2019,"6,653.11","3,763.02",86.06,"1,434.03"
15/05/2019,"6,433.45","3,761.87",85.36,"1,381.10"
22/05/2019,"6,474.33","3,788.87",85.46,"1,391.58"
29/05/2019,"6,524.37","3,770.40",85.19,"1,395.74"
5/6/2019,"6,465.05","3,802.86",85.49,"1,390.86"
12/6/2019,"6,445.85","3,685.78",85.24,"1,378.23"
19/06/2019,"6,467.33","3,778.65",86.23,"1,402.30"
3/7/2019,"6,352.87","3,617.84",85.23,"1,357.66"
10/7/2019,"6,206.38","3,603.82",84.95,"1,325.25"
17/07/2019,"6,149.13","3,489.60",85.21,"1,313.64"
24/07/2019,"6,110.86","3,428.19",84.87,"1,298.60"
31/07/2019,"6,332.58","3,449.80",85.12,"1,344.95"
7/8/2019,"6,470.01","3,674.74",85.41,"1,385.01"
14/08/2019,"6,758.01","3,748.89",85.9,"1,450.54"
21/08/2019,"6,992.89","3,850.39",85.84,"1,498.29"
28/08/2019,"7,014.85","3,966.33",86.36,"1,516.58"
4/9/2019,"7,195.42","4,041.52",86.94,"1,564.53"
11/9/2019,"6,922.14","3,795.62",86.29,"1,490.44"
18/09/2019,"6,609.28","3,655.76",85.46,"1,411.23"
25/09/2019,"6,765.84","3,554.53",86.04,"1,446.00"
2/10/2019,"6,608.19","3,522.52",86.08,"1,415.45"
9/10/2019,"6,692.97","3,521.47",85.49,"1,421.74"
16/10/2019,"6,757.75","3,589.82",86.16,"1,448.02"
23/10/2019,"6,869.28","3,532.72",86.01,"1,464.06"
30/10/2019,"6,999.23","3,592.99",86.24,"1,495.33"
6/11/2019,"7,484.40","3,714.22",86.74,"1,601.89"
13/11/2019,"7,791.65","3,825.00",87.62,"1,682.20"
20/11/2019,"8,113.53","4,204.28",87.58,"1,760.21"
27/11/2019,"8,284.28","4,445.15",88.13,"1,815.12"
4/12/2019,"8,292.53","4,616.82",87.59,"1,813.27"
11/12/2019,"8,410.13","4,665.31",87.89,"1,844.28"
18/12/2019,"8,934.94","4,941.67",88.35,"1,968.25"
25/12/2019,"9,063.53","5,279.50",88.63,"2,014.78"
1/1/2020,"9,998.00","5,728.00",89.67,"2,242.96"
8/1/2020,"9,849.82","6,322.35",89.22,"2,229.41"
15/01/2020,"9,435.72","5,486.00",88.86,"2,101.96"
22/01/2020,"9,252.24","5,459.84",88.83,"2,064.21"
5/2/2020,"8,659.21","4,988.96",88.34,"1,916.49"
12/2/2020,"8,522.85","4,679.60",87.85,"1,865.81"
19/02/2020,"8,307.63","4,526.93",87.74,"1,815.16"
26/02/2020,"8,248.46","4,428.70",87.7,"1,798.75"
4/3/2020,"7,881.69","4,308.12",87.43,"1,717.15"
11/3/2020,"7,563.42","4,244.23",86.71,"1,639.67"
18/03/2020,"7,185.22","4,041.56",86.25,"1,550.34"
25/03/2020,"7,403.70","4,226.81",86.28,"1,600.51"
1/4/2020,"8,075.74","4,499.65",87.34,"1,761.30"
8/4/2020,"8,448.45","4,886.91",87.74,"1,858.31"
15/04/2020,"8,445.76","5,076.94",87.86,"1,868.83"
22/04/2020,"8,065.53","4,878.35",87.36,"1,776.27"
29/04/2020,"7,693.88","4,202.07",86.6,"1,660.62"
6/5/2020,"6,931.53","3,969.37",85.7,"1,489.53"
13/05/2020,"6,583.57","3,750.00",85,"1,402.95"
20/05/2020,"6,539.38","3,808.57",85.27,"1,401.53"
27/05/2020,"6,640.37","3,890.14",85.13,"1,421.71"
3/6/2020,"6,776.77","3,973.87",85.41,"1,455.61"
10/6/2020,"7,126.63","4,132.40",86.07,"1,539.95"
17/06/2020,"7,133.36","4,220.90",85.96,"1,543.14"
24/06/2020,"7,223.30","4,320.56",86.34,"1,571.37"
1/7/2020,"7,437.70","4,330.33",86.62,"1,617.61"
8/7/2020,"7,375.92","4,108.38",86.39,"1,591.94"
15/07/2020,"7,481.10","4,145.44",86.78,"1,620.84"
22/07/2020,"7,766.91","4,344.28",86.39,"1,676.75"
29/07/2020,"8,556.25","4,626.98",87.4,"1,860.43"
5/8/2020,"8,580.59","4,639.38",87.77,"1,873.60"
12/8/2020,"9,068.18","4,743.51",88.31,"1,984.40"
19/08/2020,"9,156.44","4,831.23",88.18,"2,002.57"
26/08/2020,"9,162.97","4,825.64",88.57,"2,012.58"
2/9/2020,"8,885.08","4,736.74",87.9,"1,939.67"
9/9/2020,"9,319.99","4,898.17",88.58,"2,046.48"
16/09/2020,"9,337.47","4,918.87",88.48,"2,048.64"
23/09/2020,"9,569.92","4,858.45",88.79,"2,098.41"
30/09/2020,"9,369.14","4,791.00",88.45,"2,048.40"
7/10/2020,"9,057.99","4,757.23",88.27,"1,982.21"
14/10/2020,"9,119.09","4,760.32",88.33,"1,995.68"
21/10/2020,"9,715.61","4,804.28",88.72,"2,122.77"
28/10/2020,"9,500.29","4,954.84",88.93,"2,092.40"
4/11/2020,"9,594.56","5,068.75",88.89,"2,115.19"
11/11/2020,"9,613.72","5,343.69",88.88,"2,130.88"
18/11/2020,"9,437.61","5,656.78",88.86,"2,109.98"
25/11/2020,"9,659.55","6,220.39",88.99,"2,181.87"
2/12/2020,"9,468.49","6,389.09",88.92,"2,150.36"
9/12/2020,"9,585.55","6,362.03",89.35,"2,182.34"
16/12/2020,"9,422.02","6,461.37",88.85,"2,142.83"
23/12/2020,"9,469.19","6,524.81",89,"2,158.39"
30/12/2020,"9,529.43","6,661.43",89.15,"2,180.09"
6/1/2021,"9,521.12","6,665.26",88.98,"2,174.31"
13/01/2021,"10,009.09","7,031.63",89.43,"2,297.95"
20/01/2021,"9,975.34","7,283.64",89.44,"2,303.02"
27/01/2021,"9,159.37","7,098.57",88.75,"2,117.60"
3/2/2021,"9,240.16","7,116.20",88.87,"2,137.04"
10/2/2021,"9,368.98","6,901.79",88.82,"2,151.25"
17/02/2021,"9,411.14","7,031.63",89.12,"2,172.72"
24/02/2021,"9,740.11","7,022.21",89.29,"2,241.15"
3/3/2021,"9,976.89","7,143.36",89.45,"2,297.14"
10/3/2021,"10,012.44","7,241.11",89.53,"2,310.76"
17/03/2021,"10,337.55","7,349.06",89.71,"2,384.26"
24/03/2021,"10,335.21","7,332.98",89.89,"2,388.03"
31/03/2021,"10,242.19","7,299.78",89.63,"2,361.15"
7/4/2021,"9,766.74","7,051.91",89.02,"2,240.92"
14/04/2021,"10,263.09","7,164.26",89.58,"2,358.00"
21/04/2021,"10,334.96","7,146.09",89.5,"2,370.57"
28/04/2021,"10,921.63","7,276.40",90.07,"2,506.52"
5/5/2021,"10,961.18","7,331.39",90.08,"2,517.13"
12/5/2021,"11,140.51","7,428.96",90.32,"2,563.75"
19/05/2021,"11,523.75","7,455.00",90.49,"2,646.15"
26/05/2021,"11,450.84","7,481.33",90.4,"2,630.23"
2/6/2021,"11,021.80","7,262.21",90.15,"2,527.97"
9/6/2021,"10,579.26","7,282.36",89.8,"2,431.51"
16/06/2021,"10,305.54","7,021.22",89.65,"2,361.59"
23/06/2021,"9,034.79","6,387.75",88.89,"2,064.59"
30/06/2021,"9,188.78","6,310.16",88.59,"2,084.29"
7/7/2021,"10,021.07","6,383.85",89.28,"2,267.25"
14/07/2021,"10,765.18","6,377.91",89.76,"2,426.19"
21/07/2021,"11,141.16","6,407.31",90,"2,508.67"
28/07/2021,"11,745.14","6,382.69",90.57,"2,643.72"
4/8/2021,"12,369.57","6,222.70",90.63,"2,762.70"
11/8/2021,"12,156.06","6,369.51",90.74,"2,730.25"
18/08/2021,"12,237.63","6,469.04",90.67,"2,749.02"
25/08/2021,"12,467.86","6,523.37",90.89,"2,804.02"
1/9/2021,"12,359.01","6,603.58",90.78,"2,782.78"
8/9/2021,"12,456.35","6,635.50",90.68,"2,800.64"
15/09/2021,"12,517.19","6,612.98",90.78,"2,814.86"
22/09/2021,"12,438.36","6,632.13",90.71,"2,797.78"
29/09/2021,"12,360.91","6,734.67",90.73,"2,787.44"
6/10/2021,"12,644.92","7,112.90",90.7,"2,860.64"
13/10/2021,"13,298.20","7,178.11",91.33,"3,014.81"
20/10/2021,"13,518.31","8,289.69",91.45,"3,114.41"
27/10/2021,"13,875.25","9,648.77",91.61,"3,254.57"
3/11/2021,"14,371.08","10,344.65",91.76,"3,392.29"
10/11/2021,"14,439.32","11,263.97",91.99,"3,457.15"
17/11/2021,"14,004.52","11,324.89",91.92,"3,369.39"
24/11/2021,"14,503.17","11,585.70",91.95,"3,483.31"
1/12/2021,"14,292.52","11,771.09",91.72,"3,440.83"
8/12/2021,"14,004.59","11,654.78",91.79,"3,379.96"
15/12/2021,"14,166.25","11,547.95",91.64,"3,401.84"
22/12/2021,"13,234.02","11,417.43",91.58,"3,205.88"
29/12/2021,"13,036.38","11,180.41",91.38,"3,148.11"
5/1/2022,"13,174.56","11,226.11",91.43,"3,179.57"
12/1/2022,"14,156.45","11,446.44",92.07,"3,411.31"
19/01/2022,"14,451.84","11,681.17",91.77,"3,470.52"
26/01/2022,"14,694.78","11,940.36",91.82,"3,533.81"
2/2/2022,"14,959.19","12,618.00",91.91,"3,621.84"
9/2/2022,"14,826.69","12,741.06",92.05,"3,606.49"
16/02/2022,"14,599.45","12,787.27",92.14,"3,565.77"
23/02/2022,"15,119.94","12,833.64",92.3,"3,680.16"
2/3/2022,"16,195.05","13,210.00",92.65,"3,930.94"
9/3/2022,"17,348.39","13,210.00",93.04,"4,183.51"
16/03/2022,"17,431.07","14,091.00",93.1,"4,244.79"
23/03/2022,"15,337.61","12,701.00",92.44,"3,723.81"
30/03/2022,"15,719.32","12,656.00",92.58,"3,805.03"
6/4/2022,"15,706.51","13,968.00",92.65,"3,866.45"
13/04/2022,"15,921.12","13,939.74",92.78,"3,914.47"
20/04/2022,"16,349.49","10,394.00",92.64,"3,830.68"
27/04/2022,"16,572.40","11,273.46",92.71,"3,919.87"
4/5/2022,"12,109.09","11,273.46",90.82,"2,947.58"
11/5/2022,"13,565.65","8,157.27",91.47,"3,118.26"
18/05/2022,"11,774.79","7,638.17",90.12,"2,693.45"
25/05/2022,"11,788.36","7,043.36",90.03,"2,666.44"
1/6/2022,"11,327.97","7,090.00",89.82,"2,571.31"
8/6/2022,"12,003.08","7,090.00",90.54,"2,726.70"
15/06/2022,"10,820.86","6,090.17",89.86,"2,426.99"
22/06/2022,"8,522.69","4,632.00",87.91,"1,865.10"
6/7/2022,"8,138.91","4,508.23",87.27,"1,772.38"
13/07/2022,"6,921.87","4,376.18",85.94,"1,509.38"
20/07/2022,"7,623.07","4,361.82",86.44,"1,650.92"
27/07/2022,"8,876.97","4,652.77",88.01,"1,936.81"
3/8/2022,"9,741.67","4,819.73",88.95,"2,134.08"
10/8/2022,"10,142.11","5,066.80",89.32,"2,232.93"
17/08/2022,"11,022.36","5,304.28",89.95,"2,433.66"
24/08/2022,"11,003.87","5,554.36",89.81,"2,437.63"
31/08/2022,"11,396.57","6,125.59",90.17,"2,551.33"
7/9/2022,"11,185.29","6,439.83",90.15,"2,523.03"
14/09/2022,"10,905.95","6,650.73",89.48,"2,458.78"
21/09/2022,"10,949.90","6,696.87",89.68,"2,475.15"
28/09/2022,"11,025.87","6,399.49",91.7,"2,532.24"
5/10/2022,"10,481.29","5,838.66",90.94,"2,376.59"
12/10/2022,"10,931.60","5,530.61",91.21,"2,459.86"
19/10/2022,"11,523.55","5,281.12",89.16,"2,509.84"
26/10/2022,"12,221.29","5,586.69",89.16,"2,660.57"
2/11/2022,"12,613.18","5,703.44",90.77,"2,791.86"
9/11/2022,"12,768.26","5,633.95",90.77,"2,819.68"
16/11/2022,"12,599.31","5,738.74",92.64,"2,848.20"
23/11/2022,"12,079.93","5,598.23",92.64,"2,735.68"
30/11/2022,"12,177.48","5,731.12",92.64,"2,761.79"
7/12/2022,"12,393.25","5,720.02",92.64,"2,805.29"
14/12/2022,"11,880.54","5,768.41",92.64,"2,702.95"
21/12/2022,"11,548.44","5,775.16",92.62,"2,634.93"
28/12/2022,"11,470.61","5,827.94",92.62,"2,621.52"
4/1/2023,"11,333.40","5,572.67",92.62,"2,581.62"
11/1/2023,"11,852.02","5,794.39",92.62,"2,697.74"
18/01/2023,"11,466.93","5,738.74",92.17,"2,603.95"
25/01/2023,"11,378.40","5,721.00",92.17,"2,585.15"
1/2/2023,"11,229.80","5,584.42",92.17,"2,548.65"
8/2/2023,"11,540.59","5,994.54",92.17,"2,630.78"
15/02/2023,"11,828.12","5,712.63",92.17,"2,676.04"
22/02/2023,"11,856.18","5,905.41",91.81,"2,680.04"
1/3/2023,"12,621.07","6,573.67",91.81,"2,865.58"
8/3/2023,"12,809.00","6,261.26",91.81,"2,889.12"
15/03/2023,"12,877.44","7,215.79",91.81,"2,947.12"
22/03/2023,"12,714.49","6,564.26",91.55,"2,876.16"
29/03/2023,"12,478.13","6,618.27",91.55,"2,831.00"
5/4/2023,"12,010.42","6,461.88",91.55,"2,729.49"
12/4/2023,"12,247.01","6,296.79",91.55,"2,769.57"
19/04/2023,"11,808.74","5,892.66",91.55,"2,662.57"
26/04/2023,"11,341.33","5,433.00",91.55,"2,547.12"
3/5/2023,"10,425.81","5,365.85",91.55,"2,359.46"
10/5/2023,"10,752.01","5,837.69",91.55,"2,446.99"
17/05/2023,"10,340.82","5,174.57",89.85,"2,290.31"
24/05/2023,"10,087.19","5,318.37",89.85,"2,246.64"
31/05/2023,"10,085.97","5,729.19",89.85,"2,265.01"
7/6/2023,"9,814.18","5,222.54",89.85,"2,188.29"
14/06/2023,"10,132.55","4,788.83",91.64,"2,304.60"
21/06/2023,"10,668.27","4,457.31",91.64,"2,397.90"
28/06/2023,"10,701.18","4,922.24",91.64,"2,426.31"
5/7/2023,"10,947.57","4,930.71",91.64,"2,476.75"
12/7/2023,"10,877.69","4,851.97",90.93,"2,441.13"
19/07/2023,"11,024.38","5,072.01",90.93,"2,480.89"
26/07/2023,"11,158.81","5,318.84",90.93,"2,519.43"
2/8/2023,"10,889.65","5,357.53",90.93,"2,466.98"
9/8/2023,"10,797.02","5,010.22",90.93,"2,432.21"
16/08/2023,"11,056.68","5,360.91",92.67,"2,546.87"
23/08/2023,"11,161.23","5,189.07",92.67,"2,560.22"
30/08/2023,"11,350.92","4,770.96",92.67,"2,579.42"
6/9/2023,"11,058.44","5,013.77",92.67,"2,530.83"
13/09/2023,"10,802.93","5,169.91",91.78,"2,459.57"
20/09/2023,"10,776.69","4,715.04",91.78,"2,432.94"
27/09/2023,"10,801.98","5,342.22",91.78,"2,467.44"
4/10/2023,"10,819.93","5,030.90",91.78,"2,456.52"
11/10/2023,"10,708.96","5,306.12",91.61,"2,441.21"
18/10/2023,"11,146.99","5,076.45",91.61,"2,519.40"
25/10/2023,"10,983.27","4,460.26",91.61,"2,457.38"
1/11/2023,"11,128.51","4,559.15",91.61,"2,491.48"
8/11/2023,"11,172.18","5,331.75",91.61,"2,536.44"
15/11/2023,"11,443.17","5,522.06",91.93,"2,608.35"
22/11/2023,"11,496.87","5,428.23",91.93,"2,614.89"
29/11/2023,"11,279.85","5,215.65",91.93,"2,560.71"
6/12/2023,"11,016.06","5,312.76",91.93,"2,511.52"
13/12/2023,"11,134.81","5,317.90",91.93,"2,533.09"
20/12/2023,"11,262.88","5,370.03",91.93,"2,561.63"
3/1/2024,"11,196.13","5,418.86",91.93,"2,550.32"
10/1/2024,"11,588.23","5,486.92",90.66,"2,597.33"
17/01/2024,"11,882.22","5,910.46",90.66,"2,675.97"
24/01/2024,"12,154.23","5,814.49",90.66,"2,726.18"
7/2/2024,"11,696.59","5,926.37",90.66,"2,639.42"
14/02/2024,"11,665.44","6,118.56",90.66,"2,642.04"
21/02/2024,"11,781.26","6,096.57",90.63,"2,664.75"
28/02/2024,"12,053.49","6,028.04",90.63,"2,716.26"
6/3/2024,"12,241.61","6,221.20",90.63,"2,762.97"
20/03/2024,"12,893.94","6,480.79",90.6,"2,907.07"
27/03/2024,"13,113.94","6,601.88",90.6,"2,956.83"
3/4/2024,"13,076.54","7,013.90",90.6,"2,968.36"
24/04/2024,"12,544.77","7,488.77",91.4,"2,912.28"
1/5/2024,"12,206.36","7,482.59",91.4,"2,843.45"
8/5/2024,"12,018.71","7,501.62",91.4,"2,806.33"
15/05/2024,"12,114.27","7,398.71",91.4,"2,820.89"
22/05/2024,"12,080.46","7,451.59",91.49,"2,819.55"
29/05/2024,"12,180.48","7,620.44",91.49,"2,847.70"
5/6/2024,"12,503.86","7,655.52",91.49,"2,914.91"
12/6/2024,"12,425.13","7,644.99",91.49,"2,899.39"
19/06/2024,"12,538.95","7,591.20",91.76,"2,924.72"
26/06/2024,"12,726.02","7,645.95",91.76,"2,965.32"
3/7/2024,"12,696.54","7,863.69",91.76,"2,969.51"
10/7/2024,"13,113.35","8,314.56",91.76,"3,075.36"
17/07/2024,"12,813.65","8,204.55",91.96,"3,015.14"
24/07/2024,"12,677.14","8,416.39",91.96,"2,995.22"
31/07/2024,"12,760.25","8,708.00",91.96,"3,027.87"
7/8/2024,"13,039.74","8,971.04",91.96,"3,097.17"
14/08/2024,"13,026.65","9,143.74",91.96,"3,102.60"
21/08/2024,"12,645.15","9,004.94",92.27,"3,028.26"
28/08/2024,"12,718.70","9,099.08",92.27,"3,047.73"
4/9/2024,"13,182.73","9,428.07",92.27,"3,158.10"
11/9/2024,"13,210.48","9,646.67",92.27,"3,174.06"
18/09/2024,"13,068.92","9,476.53",92.74,"3,154.27"
25/09/2024,"13,170.97","9,798.74",92.74,"3,190.48"
2/10/2024,"13,765.00","9,695.59",92.24,"3,203.22"
9/10/2024,"13,917.04","9,720.22",92.74,"3,340.10"
16/10/2024,"13,948.50","9,892.17",92.28,"3,336.43"
23/10/2024,"13,991.65","9,765.86",92.28,"3,339.31"
30/10/2024,"14,222.36","10,019.06",92.28,"3,398.40"
6/11/2024,"14,809.85","9,918.34",92.28,"3,513.79"
13/11/2024,"15,387.84","10,394.75",92.28,"3,654.40"
20/11/2024,"15,522.86","10,340.09",92.84,"3,703.46"
27/11/2024,"15,152.24","11,211.55",92.84,"3,668.47"
4/12/2024,"15,293.38","11,458.24",92.84,"3,709.19"
11/12/2024,"15,774.13","11,794.66",92.84,"3,824.03"
18/12/2024,"15,639.51","11,866.30",93.3,"3,819.14"
25/12/2024,"15,156.28","11,456.75",93.3,"3,699.75"
